Key,"English, en-US","French, fr","Hindi (India), hi_IN","Romanian (Romania), ro_RO"
active,"Active","Actif","सक्रिय","Activ"
activeBookingsOutOf,"Active bookings ({count} out of {capacity})","Réservations actives ({count} sur {capacity})","सक्रिय बुकिंग ({count} में से {capacity})","Rezervări Active ({count} din {capacity})"
activities,"Activities","Activités","गतिविधियाँ","Activitati"
addAltText,"Add alt text","Ajouter un texte alternatif","एल्ट टेक्स्ट जोड़ें","Adauga text alternativ"
addFilter,"Add {filter}","Ajouter {filter}","{फ़िल्टर} जोड़ें","Adauga {filter}"
addMediaFromUrl,"Add media from URL","Ajouter des médias depuis une URL","URL से मीडिया जोड़ें","Adaugati conținut media de la URL"
addMember,"Add Member","Ajouter un membre","सदस्य जोड़ें","Adauga membru"
addNew,"Add new","Ajouter un nouveau","नया जोड़ें","Adauga nou"
addPaymentMethod,"Add payment method","Ajouter un mode de paiement","भुगतान तरीका जोड़ें","Adaugati metoda de plata"
addPhotoFromUrl,"Add photo from URL","Ajouter une photo depuis une URL","URL से फ़ोटो जोड़ें","Adaugati o fotografie de la URL"
addressLine1,"Address Line 1","Adresse ligne 1","पता लाइन १","Adresa Linia 1"
addressLine2,"Address Line 2","Adresse ligne 2","पता लाइन २","Adresa Linia 2"
addStandby,"Add Standby","Ajouter en liste d'attente","इंतजार में जोड़ें","Adăugati pe lista de asteptare"
addToCart,"Add to Cart","Ajouter au panier","कार्ट में जोड़ें","Adauga in cos"
Admin Login,"Admin Login","Connexion Admin","व्यवस्थापक लॉगिन","Logare admin"
announcements.noData,"No announcements available","Aucune annonce disponible","कोई घोषणाएँ उपलब्ध नहीं हैं","Nu sunt anunțuri disponibile"
appSettings,"App Settings","Paramètres de l'application","एप्लिकेशन सेटिंग्स","Setari Aplicatie"
appSettingsDesc,"Here you can configure your timezone and date formatting that will apply to all of the control panel.","Ici, vous pouvez configurer votre fuseau horaire et le format de date qui s'appliquera à l'ensemble du panneau de contrôle.","यहाँ पर आप अपना समय क्षेत्र और तिथि स्वरूपन कॉन्फ़िगर कर सकते हैं जो कि सभी नियंत्रण पैनल पर लागू होगा।","Aici puteți configura fusul orar și formatul datei care se vor aplica întregului panou de control."
archived,"Archived","Archivé","संग्रहीत","Arhivat"
attachFile,"Attach file","Joindre un fichier","फ़ाइल संलग्न करें","Ataseaza fisier"
attachment,"Attachment","Pièce jointe","संलग्न","Atașament"
avatar,"Avatar","Avatar","अवतार","Avatar"
avatarDialogMessage,"Admin requested to update your avatar.","L'administrateur a demandé de mettre à jour votre avatar.","प्रशासनिक अवतार अपडेट करने के लिए अनुरोध किया गया है।","Administratorul a solicitat să vă actualizati avatarul"
billing,"Billing","Facturation","बिलिंग","Facturare"
billingAddress,"Billing address","Adresse de facturation","बिलिंग पता","Adresa facturare"
billingPeriod,"Billing period","Période de facturation","बिलिंग अवधि","Perioada de facturare"
blockedInfo,"Blocked from booking a class until {release} release date.","Bloqué(e) pour la réservation d'une classe jusqu'à la date de libération {release}.","{release} रिलीज़ तिथि तक कक्षा की बुकिंग से ब्लॉक है।","Blocat pentru rezervarea unei clase până la data de eliberare {release}"
bookings.noClasses,"No Classes Booked","Aucune classe réservée","कोई कक्षा बुक की गई नहीं है","Nici o clasa rezervata"
bookings.noData,"No bookings available","Aucune réservation disponible","कोई बुकिंग उपलब्ध नहीं है","Nu sunt rezervari disponibile"
browse,"Browse","Parcourir","ब्राउज़ करें","Cautare"
browseFiles,"Browse files","Parcourir les fichiers","फ़ाइल ब्राउज़ करें","Cautare fisiere"
button,"Button","Bouton","बटन","Buton"
cancel,"Cancel","Annuler","रद्द करें","Anuleaza"
cancelBooking,"Cancel","Annuler","रद्द करें","Anuleaza"
cancelDowngrade,"Cancel downgrade","Annuler la rétrogradation","डाउनग्रेड रद्द करें","Anuleaza downgrade"
cancelPlan,"Cancel plan","Annuler le plan","योजना रद्द करें"," Anuleaza plan"
capacity,"Capacity","Capacité","क्षमता","Capacitate"
cardDetails,"Card details","Détails de la carte","कार्ड विवरण","Detalii card"
cardNumber,"Card Number","Numéro de carte","कार्ड नंबर","Numara Card"
cart,"Cart","Panier","कार्ट","Cos"
cartInfo,"We will respond to this enquire via our messenger, please add any message to this enquiry.","Nous répondrons à cette demande via notre messagerie, veuillez ajouter un message à cette demande.","हम इस जांच का उत्तर हमारे मैसेंजर के माध्यम से देंगे, कृपया इस जांच के लिए कोई संदेश जोड़ें।","Vom raspunde la aceasta solicitare prin intermediul mesageriei noastre, te rog adauga orice mesaj la aceasta solicitare"
cash,"Cash","Espèces","नकद","Numerar"
changePlan,"Change Plan","Changer de forfait","योजना परिवर्तन","Schimba tipul de abonament"
city,"City","Ville","शहर","Oras"
class,"Class","Classe","कक्षा","Clasa"
classes.noBookings,"No Classes Booked","Aucun cours réservé","कोई कक्षाएँ बुक नहीं की गईं","Nici o clasa rezervata"
classes.noData,"No classes available","Aucun cours disponible","कोई कक्षाएँ उपलब्ध नहीं","Nici o clasa disponibila"
classSchedules.generalDesc,"Template class schedules will be use to changed bulk week class schedules.","Les horaires des cours modèles seront utilisés pour modifier les horaires des cours en vrac.","टेम्पलेट कक्षा अनुसूचियाँ बड़े हफ्ते की कक्षा अनुसूचियाँ बदलने के लिए प्रयुक्त होंगी।","Orarul șablon al cursurilor va fi folosit pentru a modifica orele de curs în masa săptămânal."
classSchedules.title,"Class schedules","Horaires des cours","कक्षा अनुसूचियाँ","Programul claselor"
clear,"Clear","Effacer","साफ़ करें","Sterge"
close,"Close","Fermer","बंद करें","Inchide"
closeAllDay,"Close all day","Fermer toute la journée","पूरे दिन बंद","Inchis toata ziua"
closeAt,"Close at","Fermer à","बंद होता है","Inchis la"
code,"Code","Code","कोड","Cod"
collectionsID,"Collections ID","ID des collections","संग्रहण आईडी","Colectare ID"
collectPayment,"Collect payment","Collecter le paiement","भुगतान जमा करें"," Colecteaza Plata"
completedByMember,"Completed by Member","Complété par le membre","सदस्य द्वारा पूरा किया गया","Completat de membru"
confirm,"Confirm","Confirmer","ठीक है","Confirm"
confirmPassword,"Confirm Password","Confirmer le mot de passe","पासवर्ड की पुष्टि करें","Confirma parola"
confirmPayment,"Confirm Payment","Confirmer le paiement","पैसे की पुष्टि करें","Confirma Plata"
connectYourBarcodeScanner,"Connect your barcode scanner.","Connectez votre scanner de codes-barres.","अपना बारकोड स्कैनर कनेक्ट करें।","Conectati scannerul de coduri de bare"
contactUs,"Contact us","Contactez-nous","हमसे संपर्क करें","Contactati-ne"
country,"Country","Pays","देश","Tara"
createNew,"Create new","Créer un nouveau","नया बनाएं","Creaza nou"
customBillingPeriod,"Custom billing period","Période de facturation personnalisée","अनुकूलित बिलिंग अवधि","Perioada personalizata de facturare"
cvcCardVerificationCode,"CVC (Card Verification Code)","CVC (Code de vérification de la carte)","CVC (कार्ड सत्यापन कोड)","CVC (Cod de Verificare al Cardului)"
date,"Date","Date","तारीख","Data"
dateRange,"Date: {from} - {to}","Date : {from} - {to}","तिथि: {from} - {to}","Data: {from} - {to}"
day,"Day","Jour","दिन","Zi"
default,"Default","Défaut","डिफ़ॉल्ट","Default"
delete,"Delete","Supprimer","हटाएँ","Sterge"
description,"Description","Description","विवरण","Descriere"
dialog.cancel.discard,"Continue editing","Continuer l'édition","संपादन जारी रखें","Continuati sa editati"
dialog.info.alreadyBooked,"Member already booked a slot for this class!","Le membre a déjà réservé une place pour ce cours!","सदस्य ने पहले से ही इस कक्षा के लिए स्थान बुक कर लिया है!","Membru a rezervat deja un loc pentru aceasta clasa!"
dialog.info.cancel,"Are you sure you want to cancel?","Êtes-vous sûr(e) de vouloir annuler?","क्या आप वाकई इसे रद्द करना चाहते हैं?","Sunteti sigur ca doriti sa anulati?"
dialog.info.delete,"Are you sure you want to delete this {module}?","Êtes-vous sûr de vouloir supprimer ce {module}?","क्या आप सुनिश्चित हैं कि आप इस {module} को हटाना चाहते हैं?","Sunteti sigur ca doriti sa stergeti acest lucru {module}?"
dialog.info.deleteSelected,"Are you sure you want to delete selected {module}?","Êtes-vous sûr de vouloir supprimer les {module} sélectionnés?","क्या आप सुनिश्चित हैं कि आप चयनित {module} को हटाना चाहते हैं?","Sunteti sigur ca doriti sa stergeti selectia {module}?"
dialog.info.discard,"If you discard changes, you will delete any edits you made since you last saved.","Si vous abandonnez les modifications, vous supprimerez toutes les éditions que vous avez faites depuis votre dernière sauvegarde.","अगर आप बदलाव छोड़ते हैं, तो आपके द्वारा पिछले सहेजने के बाद किए गए किसी भी संपादन को हटा दिया जाएगा।","Daca renuntati la modificari, veti sterge orice editari pe care le-ati facut de la ultima salvare"
dialog.info.forceDelete,"Are you sure you want to permanently delete this {module}?","Êtes-vous sûr de vouloir supprimer définitivement ce {module}?","क्या आप सुनिश्चित हैं कि आप इस {module} को स्थायी रूप से हटाना चाहते हैं?","Sunteti sigur ca doriti sa stergeti permanent acest lucru {module}?"
dialog.info.forceDeleteSelected,"Are you sure you want to permanently delete selected {module}?","Êtes-vous sûr de vouloir supprimer définitivement les {module} sélectionnés?","क्या आप सुनिश्चित हैं कि आप चयनित {module} को स्थायी रूप से हटाना चाहते हैं?","Suntetri sigur ca doriti sa stergeti permanent selectia {module}?"
dialog.info.lateCancel,"Your class will be cancelled and tagged as a late cancellation.","Votre cours sera annulé et marqué comme une annulation tardive.","आपकी कक्षा रद्द कर दी जाएगी और इसे एक देर से रद्द करने के रूप में चिह्नित किया जाएगा।","Clasa ta va fi anulata si marcata ca o anulare tarzie"
dialog.info.noSlotAvailable,"Slots are not available for selected class schedule! Please contact reception for standby places.","Les créneaux horaires ne sont pas disponibles pour l'horaire de classe sélectionné! Veuillez contacter la réception pour les places en liste d'attente.","चयनित कक्षा समय सारणी के लिए स्लॉट उपलब्ध नहीं हैं! कृपया प्राप्ति के लिए स्थान प्राप्त करने के लिए सुप्रभात करें।","Nu sunt disponibile locuri pentru programul de curs selectat! Va rugam sa contactati receptia pentru locurile pe lista de asteptare"
dialog.info.remove,"Are you sure you want to remove?","Êtes-vous sûr de vouloir supprimer?","क्या आप सुनिश्चित हैं कि आप हटाना चाहते हैं?","Sunteti sigur ca doriti sa eliminati?"
dialog.info.reset,"This action can't be undone. You have unsaved edits that you will lose.","Cette action ne peut pas être annulée. Vous avez des modifications non enregistrées que vous perdrez.","इस क्रिया को वापस नहीं किया जा सकता है। आपके पास असहेजीते संपादन हैं जिन्हें आप खो देंगे।","Aceasta actiune nu poate fi anulata. Aveti modificari nesalvate pe care le veti pierde"
dialog.info.restore,"Are you sure you want to restore this {module}?","Êtes-vous sûr de vouloir restaurer ce {module}?","क्या आप सुनिश्चित हैं कि आप इस {module} को पुनर्स्थापित करना चाहते हैं?","Sunteti sigur ca doriti sa restaurati acest lucru? {module}?"
dialog.info.restoreSelected,"Are you sure you want to restore selected {module}?","Êtes-vous sûr de vouloir restaurer les {module} sélectionnés?","क्या आप सुनिश्चित हैं कि आप चयनित {module} को पुनर्स्थापित करना चाहते हैं?","Sunteti sigur ca doriti sa restaurati selectia {module}?"
dialog.info.userAlreadyBooked,"Class schedule already booked by you!","Horaire de cours déjà réservé par vous!","कक्षा का शेड्यूल आपके द्वारा पहले ही बुक कर लिया गया है!","Programul clasei a fost deja rezervat de catre dumneavoastra!"
dialog.info.warning,"Are you sure you want to delete?","Etes-vous sûr que vous voulez supprimer?","क्या आप आश्वस्त है कि आपको डिलीट करना है?","Sunteti sigur ca doriti sa stergeti?"
dialog.ok.discard,"Discard changes","Abandonner les modifications","बदलाव छोड़ें","Anulati schimbarile"
dialog.title.cancel,"Please Confirm","Veuillez confirmer","कृपया पुष्टि करें","Va rog confirmati"
dialog.title.discard,"Discard all unsaved changes?","Abandonner toutes les modifications non enregistrées?","सभी असहेजीते बदलाव छोड़ें?","Anuleaza toate schimbarile nesalvate?"
dialog.title.error,"Error","Erreur","त्रुटि","Eroare"
dialog.title.payment,"Payment required!","Paiement requis!","भुगतान आवश्यक है!","Plata necesara"
dialog.title.paymentAuthenticationFailure,"Payment Authentication Failure","Échec de l'authentification du paiement","भुगतान प्रमाणीकरण विफल","Autentificare plata esuata"
dialog.title.paymentFailed,"Payment Failed","Échec du paiement","भुगतान विफल","Plata esuata"
dialog.title.reset,"Reset all changes","Réinitialiser toutes les modifications","सभी बदलाव रीसेट करें","Reseteaza toate schimbarile"
dialog.title.success,"Success","Succès","सफलता","Succes"
dialog.title.warning,"Warning","Attention","सावधान","Avertizare"
discard,"Discard","Abandonner","छोड़ दें","Discard"
document,"Document","Document","दस्तावेज़","Document"
documentDialogMessage,"New document waiting for you!","Nouveau document en attente pour vous!","आपके लिए एक नया दस्तावेज़ है!","Un nou document va asteapta!"
documents,"Documents","Documents","दस्तावेज़","Documente"
done,"Done","Terminé","हो गया","Terminat"
donTHaveAnAccount,"Don't have an account?","Vous n'avez pas de compte?","कोई खाता नहीं है?","Nu ai cont?"
email,"Email","E-mail","ईमेल","E-mail"
emailAddress,"Email Address","Adresse e-mail","ईमेल पता","Adresa E-mail"
embedVideo,"Embed video","Intégrer une vidéo","वीडियो एम्बेड करें","Adauga video"
emergencyContactNumber,"Emergency Contact Number","Numéro de contact d'urgence","आपात्कालीन संपर्क नंबर","Numar de contact pentru situatii de urgenta"
endAt,"End at","Se termine à","समाप्त होता है","Sfarseste la"
endsAt,"Ends At","Se termine à","समाप्त होता है","Sfarseste la"
enquiries.activityDesc,"With activity, you can view detailed histories and write reply for enquiry.","Avec l'activité, vous pouvez consulter les historiques détaillés et rédiger une réponse aux demandes.","क्रियात्मकता के साथ, आप विस्तृत इतिहास देख सकते हैं और पूछताछ के लिए उत्तर लिख सकते हैं।","Prin intermediul functiei de activitate, puteti examina istoricul detaliat si raspunde la solicitari"
enquiries.noData,"No messages available","Aucun message disponible","कोई संदेश उपलब्ध नहीं है","Nu sunt mesaje disponibile"
enquiry.noData,"No enquiry available","Aucune demande disponible","कोई पूछताछ उपलब्ध नहीं है","Nu exista nici o cerere disponibila"
exercisePlanner.noData,"No exercise planner available","Aucun planificateur d'exercices disponible","कोई व्यायाम योजक उपलब्ध नहीं है","Nu este disponibil un planificator de exercitii"
expiryDate,"Expiry Date","Date d'expiration","समाप्ति तिथि","Data expirata"
features,"Features","Fonctionnalités","विशेषताएँ","Functionalitati"
fileEditor.alt.info,"Alt text (alternative text) to media is first and foremost a principle of web accessibility. Visually impaired users using screen readers will be read an alt attribute to better understand an on-page image.","Le texte alternatif (ou texte de remplacement) pour les médias est avant tout un principe d'accessibilité Web. Les utilisateurs malvoyants qui utilisent des lecteurs d'écran liront un attribut alt pour mieux comprendre une image affichée sur la page.","मीडिया के लिए एल्ट टेक्स्ट (वैकल्पिक टेक्स्ट) पहले और सबसे अधिक वेब पहुँचयता का एक सिद्धांत है। दृष्टिहीन उपयोगकर्ता जो स्क्रीन रीडर का उपयोग करते हैं, वेब पृष्ठ पर दिखाई गई छवि को बेहतर रूप से समझने के लिए एक एल्ट विशेषता को पढ़ेंगे।","Textul alternativ (text alternativ) pentru media este în primul rând un principiu al accesibilității web. Utilizatorii cu deficiențe de vedere care folosesc cititoare de ecran vor primi citirea unui atribut ""alt"" pentru a înțelege mai bine o imagine de pe pagină"
fileEditor.alt.title,"Alt text","Texte alternatif (Alt)","एल्ट टेक्स्ट (Alt टेक्स्ट)","Alt text"
fileEditor.crop.options.16:9,"16:9","16:9","16:9","16:9"
fileEditor.crop.options.4:3,"4:3","4:3","4:3","4:3"
fileEditor.crop.options.5:7,"5:7","5:7","5:7","5:7"
fileEditor.crop.options.Freeform,"Freeform","Forme libre","मुक्तरूप","Forma libera"
fileEditor.crop.options.Square,"Square","Carré","वर्ग","Patrat"
fileEditor.crop.title,"Crop ratio","Rapport de recadrage","क्रॉप अनुपात","Raport de taiere"
fileEditor.flip.title,"Flip image","Retourner l'image","छवि को फ्लिप करें","Inverseaza imaginea"
fileEditor.rotate.title,"Rotate image","Faire pivoter l'image","छवि को घुमाएं (रोटेट करें)","Roteste imaginea"
fileUploader.addPhoto,"Add photo","Ajouter une photo","फ़ोटो जोड़ें","Adauga poza"
fileUploader.embedVideo,"Embed video","Intégrer une vidéo","वीडियो एम्बेड करें","Incorporati video"
fileUploader.info,"Drag and drop files here","Glisser-déposer des fichiers ici","फ़ाइलें यहाँ खींचें और छोड़ें","trage si plaseaza"
fileUploader.or,"or","ou","या","Sau"
fileValidation,"{count} file(s) did not pass validation constraints","{count} fichier(s) n'ont pas passé les contraintes de validation.","{count} फ़ाइल(फाइलें) मान्यता परीक्षण की सीमाओं को पार नहीं करीं।","{count} Fisierul(ele) nu a indeplinit restrictiile de validare."
firstName,"First Name","Prénom","पहला नाम","Prenume"
fitnessQuote,"Strength does not come from what you can do; it comes from overcoming the things you once thought you couldn't.","La force ne vient pas de ce que vous pouvez faire, elle vient du fait de surmonter les choses que vous pensiez ne pas pouvoir faire.","शक्ति वो नहीं आती जो आप कर सकते हैं, वो आती है जो आपको वो काम करने की हिम्मत दिलाती है जिन्हें आप पहले कभी नहीं सोचते थे।",
forgotPassword,"Forgot Password.","Mot de passe oublié.","पासवर्ड भूल गए।","Am uitat parola"
forgotPasswordDesc,"Forgot your password? Not to worry!<br />Simply enter your email address below and our system will send you a password reset email.","Mot de passe oublié? Ne vous inquiétez pas !<br />Entrez simplement votre adresse e-mail ci-dessous et notre système vous enverra un e-mail de réinitialisation de mot de passe.","अपना कूट शब्द भूल गए? चिंता की कोई बात नहीं!<br />बस नीचे अपना ईमेल पता दर्ज करें और हमारा सिस्टम आपको एक पासवर्ड रीसेट ईमेल भेजेगा।","Ai uitat parola? Fara griji!<br />Introdu doar adresa ta de email mai jos si sistemul nostru iti va trimite un email pentru resetarea parolei"
forgottenPassword,"Forgotten password?","Mot de passe oublié?","भूल गए पासवर्ड?","Ai uitat parola?"
friendInformation,"Friend information","Informations sur l'ami","मित्र जानकारी","Informații despre prieten"
generalInformation,"General information","Informations générales","सामान्य जानकारी","Informatii generale"
goBack,"Go Back","Retourner","वापस जाएं","Inapoi"
goHome,"Go Home","Accueil","घर जाएं","Acasă"
goodAfternoon,"Good afternoon, {name}","Bonjour, {name}","शुभ दोपहर, {name}",
goodEvening,"Good evening, {name}","Bonsoir, {name}","शुभ संध्या, {name}",
goodMorning,"Good morning, {name}","Bonjour, {name}","सुप्रभात, {name}",
groups.noData,"No group available","Aucun groupe disponible","कोई समूह उपलब्ध नहीं"," Nici un grup disponibil"
groupsAndPermissions,"Groups and Permissions","Groupes et autorisations","समूह और अनुमतियाँ","Grupuri și permisiuni"
guestInformation,"Guest information","Informations sur les invités","अतिथि जानकारी","Informatii Guest"
guestPasses.noData,"No guest passes available","Aucun laissez-passer invité disponible","कोई अतिथि पास उपलब्ध नहीं है","Nu sunt disponibile invitatii pentru Guest"
hint.billing,"Manage your payments, view your billing history, and keep track of your subscription status all in one centralized location.","Gérez vos paiements, consultez l'historique de facturation et suivez l'état de votre abonnement, le tout dans un seul endroit centralisé.","अपने भुगतानों को प्रबंधित करें, अपना बिलिंग इतिहास देखें, और अपनी सदस्यता स्थिति का पता रखें, सभी एक ही केंद्रीकृत स्थान पर।","Administreaza platile tale, vezi istoricul facturilor si tine evidenta starii abonamentului tau, toate intr-o singura locatie centralizata"
hint.endsAt,"Membership will be deactivate on the date.","L'adhésion sera désactivée à la date.","सदस्यता तिथि पर निष्क्रिय कर दी जाएगी।","Abonamentul va fi dezactivat la data respectiva"
hint.features.classes,"Maximum classes can be booked and join.","Le nombre maximum de cours pouvant être réservés et suivis.","अधिकतम कक्षाएँ बुक की जा सकती हैं और जुड़ सकती हैं।","Se pot rezerva si participa la maximum de cursuri"
hint.features.guestPass,"Allows non-members to try out the gym or studio facilities","Permet aux non-membres d'essayer les installations de la salle de sport ou du studio.","अन-सदस्यों को जिम या स्टूडियो सुविधाओं का आजमाने की अनुमति है।","Permite non-membrilor sa incerce facilitatile salii de sport sau ale studioului"
hint.images,"You can only choose images as {type}","Vous ne pouvez choisir que des images en tant que {type}.","आप केवल {type} के रूप में छवियाँ चुन सकते हैं।","Puteti alege doar imagini ca {type}"
hint.member,"Manage account information, change their subscription plan, and update billing information.","Gérer les informations du compte, changer leur plan d'abonnement et mettre à jour les informations de facturation.","खाता जानकारी प्रबंधित करें, उनकी सदस्यता योजना बदलें, और बिलिंग जानकारी अपडेट करें।","Administreaza informatiile contului, schimba planul de abonament si actualizeaza informatiile de facturare"
hint.pdfs,"You can only choose pdfs as {type}","Vous ne pouvez choisir que des fichiers PDF en tant que {type}.","आप केवल {type} के रूप में पीडीएफ़ चुन सकते हैं।","Puteti alege doar fisiere PDF ca {type}"
hint.plan,"Once the plan is created, {field} cannot be changed.","Une fois le plan créé, {field} ne peut pas être modifié.","एक बार योजना बनाई जाती है, {field} को बदला नहीं जा सकता।","Odată ce planul este creat, {field} nu poate fi schimbat"
hint.priceChange,"Price changes will become effective on next renewal date.","Les changements de tarif prendront effet à la prochaine date de renouvellement.","मूल्य परिवर्तन अगली नवीकरण तिथि पर प्रभावी होंगे।","Schimbarile de pret vor deveni efective la urmatoarea data de reinnnoire"
hint.subscription,"The subscription page allows you to easily upgrade or cancel their subscription, view payment history and subscription details. It's a hassle-free and user-friendly way to manage your subscription in one convenient location.","La page d'abonnement vous permet de mettre à niveau ou d'annuler facilement votre abonnement, de consulter l'historique des paiements et les détails de l'abonnement. C'est un moyen sans tracas et convivial de gérer votre abonnement en un seul endroit pratique.","सदस्यता पृष्ठ आपको आसानी से अपनी सदस्यता को अपग्रेड या रद्द करने, भुगतान इतिहास और सदस्यता विवरण देखने की अनुमति देता है। यह एक सुविधाजनक स्थान पर अपनी सदस्यता को प्रबंधित करने के लिए एक बिना दिक्कत का और उपयोगकर्ता-मित्रिता तरीका है।","Pagina de abonare iti permite sa faci upgrade sau sa anulezi cu usurinta abonamentul, sa vezi istoricul platilor si detalii despre abonament. Este o modalitate lipsita de complicatii si prietenoasa cu utilizatorul de a-ti gestiona abonamentul intr-o singura locatie convenabila"
horizontal,"Horizontal","Horizontal","क्षैतिज","Orizontal"
hoursPW,"Hours PW","Heures par semaine","प्रति सप्ताह की घंटे","Ore pe saptamana"
iAccept,"I Accept","J'accepte","मैं स्वीकार करता हूँ","Accept"
instructor,"Instructor","Instructeur","शिक्षक","Instructor"
instructors.noData,"No instructors available","Aucun instructeur disponible","कोई प्रशिक्षक उपलब्ध नहीं है","Nici un instructor disponibil"
insurance,"Insurance","Assurance","बीमा","Asigurare"
invoices.historyDesc,"View and manage all your past invoices in one convenient location.","Consultez et gérez toutes vos factures passées en un seul endroit pratique.","एक साथ अपने पिछले सभी चालानों को देखें और प्रबंधित करें एक ही सुविधाजनक स्थान पर।","Vizualizeaza si administreaza toate facturile tale anterioare într-o singura locatie convenabila"
invoices.historyTitle,"Invoice History","Historique des factures","चालान इतिहास","Istorie factura"
invoices.noData,"You have no invoices to display at the moment. Once you receive an invoice, it will appear here.","Vous n'avez aucune facture à afficher pour le moment. Une fois que vous recevez une facture, elle apparaîtra ici.","आपके पास इस समय प्रदर्शित करने के लिए कोई चालान नहीं है। जब आपको एक चालान मिलता है, तो यह यहां प्रदर्शित होगा।","Nu aveti facturi de afisat in acest moment. Odata ce primiti o factura, aceasta va aparea aici"
invoices.viewLabel,"View invoice","Voir la facture","चालान देखें","Vizualizează factura."
isInstructor,"Is a Instructor","Est un Instructeur","प्रशिक्षक है",
keyFob,"Key Fob","Badge","कुंजी फॉब","Badge"
label.active,"Active","Actif","सक्रिय","Activ"
label.addAnnouncement,"Add announcement","Ajouter une annonce","घोषणा जोड़ें","Adauga anunt"
label.addClass,"Add class","Ajouter un cours","कक्षा जोड़ें","Adauga clasa"
label.addEnquiry,"Add enquiry","Ajouter une demande","पूछताछ जोड़ें","Adauga intrebare"
label.addExercisePlan,"Add exercise plan","Ajouter un plan d'exercices","व्यायाम योजना जोड़ें","Adauga plan de exercitii"
label.addGroup,"Add group","Ajouter un groupe","समूह जोड़ें","Adauga grup"
label.addGuestPass,"Add guest pass","Ajouter un pass invité","अतिथि पास जोड़ें","Adauga invitatie Guest"
label.addGym,"Add gym","Ajouter gym","जिम जोड़ें","Adauga gym"
label.addInstructor,"Add instructor","Ajouter un instructeur","प्रशिक्षक जोड़ें","Adauga instructor"
label.addLocation,"Add location","Ajouter un emplacement","स्थान जोड़ना","Adauga locatie"
label.addMember,"Add member","Ajouter un membre","सदस्य जोड़ें","Adauga membru"
label.addOffer,"Add offer","Ajouter une offre","प्रस्ताव जोड़ें","Adauga oferta"
label.addPlan,"Add plan","Ajouter un plan","योजना जोड़ें","Adauga plan"
label.addProduct,"Add product","Ajouter un produit","उत्पाद जोड़ें","Adauga produs"
label.addStaff,"Add staff","Ajouter du personnel","स्टाफ जोड़ें","Adauga Staff"
label.addTemplate,"Add template","Ajouter un modèle","टेम्पलेट जोड़ें","Adauga sablon"
label.admin,"Admin","Administrateur","एडमिन","Admin"
label.all,"All","Tous","सभी","Tot"
label.amount,"Amount","Montant","रकम","Suma"
label.archive,"Archive","Archive","पुरालेख","Arhiva"
label.archived,"Archived","Archivé","पुरालेखित","Arhivat"
label.assigned,"Assigned","Assigné","निरुपित","Alocat"
label.at,"AT (%)","AT (%)","एटी (%)","AT (%)"
label.attendance,"Attendance","Assiduité","उपस्थिति","Prezenta"
label.attended,"Attended","Participé","उपस्थित हुए","Participat"
label.autoDetect,"Auto Detect","Détection Auto","ऑटो का पता लगाने","Detectare auto"
label.blocked,"Blocked","Bloqué","अवरोधित","Blocat"
label.bookAClass,"Book a Class","Réserver un cours","कक्षा बुक करें","rezerva o clasa"
label.canceledAt,"Canceled at","Annulé à","पर रद्द किया गया","Anulat la"
label.cancelled,"Cancelled","Annulé","रद्द","Anulat"
label.capacity,"Capacity","Capacité","क्षमता","Capacitate"
label.capacity,"Capacity (%)","Capacité (%)","क्षमता (%)","Capacitate (%)"
label.checked,"Checked","Coché","चेक किए गए","Verificat"
label.class,"Class","Cours","कक्षा","Clasa"
label.class,"Class","Classe","कक्षा","Clasa"
label.classes,"Classes","Cours","कक्षाएं","Clase"
label.classesBooked,"Classes Booked","Cours réservés","बुक की गई कक्षाएँ","Clasa rezervata"
label.className,"Class Name","Nom de classe","कक्षा का नाम","Nume clasa"
label.closeAt,"Close at","Fermé à","पर बंद करें","Inchis la"
label.closeAt,"Close at","Fermer à","पर बंद करें","Se inchide la"
label.contact,"Contact","Contacter","संपर्क","Contact"
label.contactForm,"Contact form","Formulaire de contact","संपर्क करें प्रपत्र","Formular contact"
label.cost,"Cost","Coût","लागत","Cost"
label.created,"Created","Créé","बनाया था","Creat"
label.createdAt,"Created at","Créé à","पर बनाया गया","Creat la"
label.createdBy,"Created by","Créé par","के द्वारा बनाई गई","Creat de"
label.createMessage,"Create message","Créer un message","संदेश बनायें","Creaza mesaj"
label.createTask,"Create task","Créer une tâche","कार्य बनाएँ","Creaza task"
label.custom,"Custom","Personnalisé","रिवाज़","Personalizat"
label.daily,"Daily","Quotidien","दैनिक","Zilnic"
label.dailyReports,"Daily Reports","Rapports journaliers","दैनिक रिपोर्ट","Raport zilnic"
label.date,"Date","Date","तारीख","Data"
label.day,"Day","Jour","दिन","Zi"
label.deactive,"Deactive","Désactivé","अक्रिय","Deactivat"
label.default,"Default","Défaut","डिफ़ॉल्ट","Default"
label.delete,"Delete","Supprimer","हटाएँ","Sterge"
label.description,"Description","Description","विवरण","Descriere"
label.documents,"Documents","Documents","दस्तावेजों","Documente"
label.duplicate,"Duplicate","Dupliquer","डुप्लिकेट","Duplicat"
label.edit,"Edit","Éditer","संपादित करें","Editeaza"
label.email,"Email","E-mail","ईमेल","E-mail"
label.endAt,"End at","Termine à","पर समाप्त","Se termina la"
label.endAt,"End at","Fin à","पर समाप्त","Se termina la"
label.endDate,"End Date","Date de fin","समाप्ति तिथि","Data de încheiere"
label.endsAt,"Ends at","Finit à","खतम होता है","Se termina la"
label.endsAt,"Ends at","Fini à","खतम होता है","Se termina la"
label.exercisePlanner,"Exercise Planner","Planificateur d'exercices","व्यायाम योजनाकर्ता","Sablon de exercitii"
label.fee,"Fee","Honoraires","फीस","Taxa"
label.free,"Free","Gratuit","मुक्त","Gratuit"
label.groups,"Groups","Groupes","समूहों","Grupuri"
label.guestPass,"Guest pass","Pass invité","अतिथि पास","Invitatie Guest"
label.guestPasses,"Guest Passes","Pass invité","अतिथि पास","Invitatie Guest"
label.gym,"Gym","gym","जिम","Gym"
label.gyms,"Gym","gym","जिम","Gym"
label.hold,"Hold","Tenir","होल्ड","Asteptare"
label.hours,"Hours","Heures","घण्टे","Ore"
label.instructor,"Instructor","Instructeur","अनुदेशक","Instructor"
label.instructors,"Instructors","Instructeurs","अनुदेशकों","Instructori"
label.label,"Label","Étiquette","लेबल","Eticheta"
label.lastLC,"Last LC","Dernier LC","अंतिम एल.सी","Ultimul LC"
label.lastLogin,"Last login","Dernière connexion","आखरी लॉगइन","Ultima logare"
label.lastNS,"Last NS","Dernier NS","अंतिम एन.एस","Ultimul NS"
label.lastUpdate,"Last update","Dernière mise à jour","आखिरी अपडेट","Ultima actualizare"
label.lateCancellation,"Late cancellation","Annulation tardive","देर से रद्दीकरण","Anulare tarzie"
label.latest,"Latest","Le plus récent","नवीनतम","Cel mai recent"
label.lC,"LC","LC","एल.सी","LC"
label.lCPast7Days,"LC Past 7 Days","LC 7 derniers jours","एलसी पिछले 7 दिन","LC Ultimele 7 zile"
label.live,"Live","En direct","लाइव","Live"
label.location,"Location","Emplacement","लोकेशन","Locatie"
label.lost,"Lost","Perdu","खोया","Pierdut"
label.m-PARQ,"M-PARQ","M-PARQ","एम-पार्क","M-PARQ"
label.m-Pic,"M-Pic","M-Pic","एम-पिक","M-Pic"
label.member,"Member","Membre","सदस्य","Membru"
label.memberCard,"Member Card","Carte de membre","सदस्य कार्ड","Card membru"
label.memberID,"Member ID","ID membres","सदस्य आईडी","ID membru"
label.memberOnly,"Member only","Membre seulement","केवल सदस्य","Numai pentru membri"
label.membersOnly,"Members only","Membres uniquement","केवल सदस्यों","Doar pentru membri"
label.message,"Message","Message","संदेश","Mesaje"
label.messages,"Messages","Messages","संदेश","Mesaje"
label.month,"Month","Mois","माह","luna"
label.monthly,"Monthly","Mensuel","मासिक","Lunar"
label.name,"Name","Nom","नाम","Nume"
label.noPIC,"No PIC","Non PIC","कोई तस्वीर नहीं","Nu PIC"
label.noShow,"No Show","Non présentation","कोई शो नहीं","Nu sa prezentat"
label.notChecked,"Not Checked","Non coché","जाँच नहीं की गई है","Neverificat"
label.note,"Note","Remarque","नोट","Nota."
label.nS,"NS","NS","एन.एस","NS"
label.nSPast7Days,"NS Past 7 Days","NS 7 derniers jours","एनएस पिछले 7 दिन","NS Ultimele 7 zile"
label.oldest,"Oldest","Le plus ancien","सबसे पुराना","Ce mai vechi"
label.ongoing,"Ongoing","En cours","चल रहे","In curs"
label.openAt,"Open at","Ouvert à","पर खोलें","Deschis la"
label.openingTimes,"Opening Times","Horaires d'ouverture","बार खोलने","Orar de deschidere"
label.pARQ,"PARQ","PARQ","पार्क","PARQ"
label.pARQNo,"PARQ No","PARQ Non","पार्क नंबर","PARQ nu"
label.pARQYes,"PARQ Yes","PARQ Oui","पार्क हाँ","PARQ da"
label.pdf,"Pdf","PDF","पी.डी.एफ","Pdf"
label.pending,"Pending","En instance","लंबित","In asteptare"
label.personalTrainer,"Personal trainer","Entraîneur personnel","निजी प्रशिक्षक","Antrenor personal"
label.phone,"Phone","Téléphone","फ़ोन","Telefon"
label.phone,"Phone","Téléphone","टेलीफोन","Tepefon"
label.pic,"Pic","Pic","चित्र","Pic"
label.plan,"Plan","Plan","योजना","Plan"
label.price,"Price","Prix","कीमत","Pret"
label.priceHigh,"Price High","Prix élevé","कीमत ऊंची","Pret mare"
label.priceLow,"Price Low","Prix bas","दाम कम","Pret mic"
label.prices,"Prices","Prix","कीमतों","Preturi"
label.print,"Print","Imprimer","प्रिंट","Imprimeaza"
label.product,"Product","Produit","उत्पाद","Produs"
label.quantity,"Quantity","Quantité","क्वांटिटी","Cantitate"
label.rag,"Rag","Rag","चीर","Rag"
label.referAFriend,"Refer a friend","Recommander un ami","मित्र को आमंत्रित करें","recomanda un prieten"
label.referAFriend,"Refer a Friend","Référez un ami","एक दोस्त को संदर्भित करें","Refera un prieten"
label.releaseAt,"Release at","Libérer à","पर रिलीज़ करें","Eliberat la"
label.remote,"Remote","À distance","रिमोट","Remote"
label.renewalFee,"Renewal fee","Frais de renouvellement","नवीकरण शुल्क","Taxa reinoire"
label.rent,"Rent","Louer","किराया","Inchiriaza"
label.reply,"Reply","Répondre","जवाब","Raspuns"
label.resolved,"Resolved","Résolu","हल किया","Rezolvat"
label.restore,"Restore","Restaurer","पुनर्स्थापित","Restaureaza"
label.rolling,"Rolling","Roulant","रोलिंग","Rolling"
label.sessions,"Sessions","Séances","सेशंस","Sesiuni"
label.shop,"Shop","Boutique","दुकान","Magazin"
label.showDescription,"Show Description","Afficher la description","वर्णन दिखाएँ","Arata descrierea"
label.signOff,"Sign off","Se déconnecter","साइन ऑफ़","Delogare"
label.sn,"S/N","S/N","एस/एन","S/N"
label.sort,"Sort","Sorte","सॉर्ट करें","Sorteaza"
label.startAt,"Start at","Commence à","पर शुरू","Incepe la"
label.startsAt,"Starts at","Débute à","पर आरंभ होती है","Incepe la"
label.status,"Status","Statut","स्थिति","Status"
label.subscription,"Subscription","Souscription","सदस्यता","Abonament"
label.subtotal,"Subtotal","Sous-total","सबटोटल","Subtotal"
label.task,"Task","Tâche","टास्क","Task"
label.time,"Time","Temps","समय","Timp"
label.title,"Title","Titre","ख़िताब","Titlu"
label.total,"Total","Total","कुल","Total"
label.trashed,"Trashed","Supprimé","ट्रैश किए","Sters"
label.type,"Type","Taper","प्रकार","Tip"
label.user,"User","Utilisateur","उपयोक्ता","User"
label.weekly,"Weekly","Hebdomadaire","साप्ताहिक","Saptamanal"
label.year,"Year","Année","साल","An"
label.yearly,"Yearly","Annuel","वार्षिक","Anual"
label.yesPIC,"Yes PIC","Oui PIC","हाँ तस्वीर","Da PIC"
lang,"Language","Langue","भाषा","Limba"
lastMessage,"Last message","Dernier message","आखिरी संदेश","Ultimul mesaj"
left,"Left","Gauche","बाएँ","Stanga"
link,"Link","Lien","लिंक","Link"
location,"Location","Emplacement","स्थान","Locatie"
locations.noData,"No locations available","Aucun emplacement disponible","कोई स्थान उपलब्ध नहीं है","Nici o locatie valabila"
login,"Login","Connexion","लॉगिन","Logare"
logout,"Logout","Déconnexion","लॉगआउट","Delogare"
manageAdminClassSchedules,"View and manage your gym class schedules here.","Consultez et gérez vos horaires de cours de gym ici.","यहाँ अपनी जिम क्लास की शेड्यूल देखें और प्रबंधित करें।",
manageClassSchedules,"View and manage your booked gym classes here. Stay organized and stay on track with your fitness routine.","Consultez et gérez vos cours de gym réservés ici. Restez organisé et suivez votre routine de fitness.","यहाँ अपने बुक की गई जिम क्लासेस को देखें और प्रबंधित करें। आपके फिटनेस रूटीन को आयोजित रखें और उस पर ट्रैक पर रहें।",
markAllAttended,"Mark All Attended","Marquer tous comme présents","सभी को उपस्थित चिह्नित करें","Bifează Toate Prezentele"
markAsDefault,"Mark as Default","Définir comme par défaut","डिफ़ॉल्ट रूप में चिह्नित करें","Seteaza ca Implicit."
media,"Media","Média","मीडिया","Fisiere"
mediaSelected,"{count} media selected","{count} médias sélectionnés","{count} मीडिया चयनित हैं","media selectata"
memberInfo,"Member Info","Informations sur le membre","सदस्य जानकारी","Informatii membru"
Members Login,"Members Login","Connexion Membre","सदस्य लॉगिन","Logare membri"
members.activityDesc,"With activity, you can view detailed histories and write notes for member.","Avec l'activité, vous pouvez consulter les historiques détaillés et rédiger des notes pour les membres.","गतिविधि के साथ, आप सदस्य के लिए विस्तृत इतिहास देख सकते हैं और नोट लिख सकते हैं।","Cu activitatea, poti vizualiza istoricul detaliat si să scrii note pentru membru"
members.billingDesc,"This information will be added to your invoice.","Ces informations seront ajoutées à votre facture.","इस जानकारी को आपके चालान में जोड़ा जाएगा।","Această informație va fi adăugată în factura ta"
members.generalDesc,"Member information forms provide key data on member that can be used to keep track of who worked for the company, when, and in what positions.","Les formulaires d'informations sur les membres fournissent des données clés sur les membres qui peuvent être utilisées pour suivre qui a travaillé pour l'entreprise, quand et dans quelles positions.","सदस्य जानकारी फार्म सदस्य के बारे में मुख्य डेटा प्रदान करते हैं, जो कंपनी के लिए कौन काम किया, कब और किन पदों में काम किया जा सकता है को ट्रैक करने के लिए उपयोग किया जा सकता है।","Formularele cu informatii despre membri ofera date cheie despre membri, care pot fi folosite pentru a tine evidenta cine a lucrat pentru companie, când si în ce pozitii"
members.noData,"No members available","Aucun membre disponible","कोई सदस्य उपलब्ध नहीं है","Nici un membru disponibil"
members.securityDesc,"Change password","Changer le mot de passe","पासवर्ड बदलें","Schimba parola"
membership.noData,"No membership available","Aucune adhésion disponible","कोई सदस्यता उपलब्ध नहीं","Nici un abonament disponibil"
membershipNumber,"Membership Number","Numéro d'adhésion","सदस्यता नंबर","Numar Abonament"
menu,"Menu","Menu","मेनू","Meniu"
menus.allClasses,"All Classes","Tous les cours","सभी वर्ग","Toate clasele"
menus.allProducts,"All Products","Tous les produits","सभी प्रोडक्ट","Toate produsele"
menus.allStaff,"All Staff","Tout le personnel","सभी कर्मचारी","Tot staff-ul"
menus.announcements,"Announcements","Annonces","घोषणाएं","Instiintare"
menus.billing,"Billing","Facturation","बिलिंग","Abonemente"
menus.bookClass,"Book a Class","Réserver un cours","कक्षा बुक करें","Rezerva clase"
menus.classes,"Classes","Cours","कक्षाओं","Clase"
menus.classesBooked,"Classes Booked","Cours réservés","बुक की गई कक्षाएँ","Clasa rezervata"
menus.dailyReports,"Daily Reports","Rapports journaliers","दैनिक रिपोर्ट","Raporturi zilnice"
menus.dashboard,"Dashboard","Tableau de bord","डैशबोर्ड","Panou de control"
menus.documents,"Documents","Documents","दस्तावेज़","Documente"
menus.enquiries,"Enquiries","Billets","टिकट","Ticket"
menus.enquiry,"Enquiry","Enquête","जाँच करना","Examineaza"
menus.exercisePlanner,"Exercise Planner","Planificateur d'exercices","व्यायाम योजनाकार","Plan de exercitii"
menus.finance,"Finance","Finance","वित्त","Finante"
menus.groups,"Groups","Groupes","समूह","Grupuri"
menus.guestPasses,"Guest Passes","Passes invités","अतिथि पास","Invitatii Guest"
menus.instructors,"Instructors","Instructeurs","अनुदेशकों","Instructori"
menus.locations,"Locations","Emplacements","स्थानों","Locatii"
menus.members,"Members","Membres","सदस्यों","Membri"
menus.membership,"Membership","Adhésion","सदस्यता","Abonament"
menus.messages,"Messages","Messages","संदेश","Mesaje"
menus.monthlyReports,"Monthly Reports","Rapports mensuels","मासिक विवरण","Raporturi lunare"
menus.offers,"Offers","Offres","ऑफर","Oferte"
menus.plans,"Plans","Forfaits","योजनाओं","Planuri"
menus.products,"Products","Produits","उत्पादों","Produse"
menus.referFriend,"Refer a Friend","Recommander un ami","एक दोस्त को संदर्भित करें","Recomanda un prieten"
menus.registrations,"Registrations","Inscriptions","पंजीकरण","Inregistrari"
menus.reports,"Reports","Rapports","रिपोर्टों","Raporturi"
menus.settings,"Settings","Paramètres","समायोजन","Setari"
menus.shop,"Shop","Magasin","दुकान","Magazin"
menus.staff,"Staff","Personnel","कर्मचारी","Angajat"
menus.tasks,"Tasks","Tâches","कार्य","Task-uri"
menus.templates,"Templates","Modèles","टेम्पलेट्स","Sabloane"
menus.weekSchedules,"Week Schedules","Programmes hebdomadaires","सप्ताह अनुसूचियाँ","Orare saptamanale"
menus.yearlyReports,"Yearly Reports","Rapports annuels","वार्षिक रिपोर्ट","Raporturi anuale"
message,"Message","Message","संदेश","Mesaj"
modules.announcements,"Announcements","Annonces","घोषणाओं","Anunturi"
modules.classes,"Classes","Classes","कक्षाओं","Clase"
modules.classSchedules,"Class schedules","Horaires des cours","कक्षा अनुसूचियाँ","Orare de cursuri"
modules.enquiries,"Enquiries","Enquêtes","पूछताछ","Intrebari"
modules.exercisePlanners,"Exercise planners","Planificateurs d'exercices","व्यायाम योजनाकार","Planificatoare de exercitii"
modules.groups,"Groups","Groupes","समूहों","Grupuri"
modules.guestPasses,"Guest passes","Pass invités","अतिथि पास","Invitatii Guest"
modules.gyms,"Gyms","Gymnases","जिम","Sali"
modules.instructors,"Instructors","Instructeurs","अनुदेशकों","Instructori"
modules.locations,"Locations","Emplacements","स्थानों","Locatii"
modules.memberReports,"Member reports","Rapports des membres","सदस्य रिपोर्ट","Rapoarte membri"
modules.members,"Members","Membres","सदस्यों","Membri"
modules.memberships,"Memberships","Adhésions","सदस्यताएँ","Abonament"
modules.offers,"Offers","Offres","ऑफ़र","Oferte"
modules.plans,"Plans","Des plans","योजना","Planuri"
modules.plural.announcements,"announcements","annonces","घोषणाएं","Anunturi"
modules.plural.classes,"classes","Des classes","कक्षाओं","Clase"
modules.plural.classSchedules,"class schedules","horaires de cours","कक्षा कार्यक्रम","Orar clasa"
modules.plural.enquiries,"enquiries","demandes de renseignements","पूछताछ","Intrebari"
modules.plural.exercisePlanners,"exercise planners","planificateurs d'exercices","व्यायाम योजनाकार","Planificatoare de exerciti"
modules.plural.groups,"groups","groupes","समूह","Grupuri"
modules.plural.guestPasses,"guest passes","laissez-passer invités","अतिथि पास","Invitatie Guest"
modules.plural.gyms,"gyms","gymnases","जिम","Sali"
modules.plural.instructors,"instructors","instructeurs","अनुदेशकों","Instructori"
modules.plural.locations,"locations","Emplacements","स्थानों","Locatii"
modules.plural.memberReports,"member reports","rapports des membres","सदस्य रिपोर्ट","Rapoarte membri"
modules.plural.members,"members","membres","सदस्यों","Membri"
modules.plural.memberships,"memberships","adhésions","सदस्यता","Abonament"
modules.plural.offers,"offers","des offres","ऑफर","Oferte"
modules.plural.plans,"plans","des plans","की योजना","Planuri"
modules.plural.products,"products","des produits","उत्पादों","Produse"
modules.plural.referrals,"referrals","références","रेफरल","Recomandari"
modules.plural.registrations,"registrations","inscriptions","पंजीकरण","Inregistrari"
modules.plural.schedules,"schedules","des horaires","अनुसूचियों","programele"
modules.plural.staff,"staff","personnel","कर्मचारी","Staff"
modules.plural.tasks,"tasks","Tâches","कार्य","Task"
modules.plural.templates,"templates","modèles","खाके","Sablon"
modules.products,"Products","Produits","उत्पाद","Produse"
modules.referrals,"Referrals","Références","रेफरल","Recomandari"
modules.registrations,"Registrations","Inscriptions","पंजीकरण","Inregistrari"
modules.schedules,"Schedules","Des horaires","अनुसूचियों","Programe"
modules.singular.announcement,"announcement","annonce","घोषणा","Anunt"
modules.singular.class,"class","classe","कक्षा","Clasa"
modules.singular.classSchedule,"class schedule","horaire de cours","वर्ग अनुसूची","Orar clasa"
modules.singular.enquiry,"enquiry","enquête","जाँच करना","Intrebari"
modules.singular.exercisePlanner,"exercise planner","planificateur d'exercices","व्यायाम योजनाकार","Planificatoare de exerciti"
modules.singular.group,"group","groupe","समूह","Grup"
modules.singular.guestPass,"guest pass","laissez-passer invité","अतिथि पास","Invitatie Guest"
modules.singular.gym,"gym","gym","जिम","Sala"
modules.singular.instructor,"instructor","instructeur","प्रशिक्षक","Instructor"
modules.singular.location,"location","emplacement","जगह","Locatie"
modules.singular.member,"member","membre","सदस्य","Membru"
modules.singular.memberReport,"member report","rapport de membre","सदस्य रिपोर्ट","Raport membru"
modules.singular.membership,"membership","adhésion","सदस्यता","Abonament"
modules.singular.offer,"offer","offre","प्रस्ताव","Oferta"
modules.singular.plan,"plan","plan","योजना","Plan"
modules.singular.product,"product","produit","उत्पाद","Produs"
modules.singular.referral,"referral","référence","रेफ़रल","Recomandare"
modules.singular.registration,"registration","inscription","पंजीकरण","Inregistrare"
modules.singular.schedule,"schedule","emploi de temps","अनुसूची","program"
modules.singular.staff,"staff","personnel","कर्मचारी","Staff"
modules.singular.task,"task","tâche","काम","Task"
modules.singular.template,"template","modèle","खाका","Sablon"
modules.staff,"Staff","Personnel","स्टाफ","Staff"
modules.tasks,"Tasks","Tâches","कार्य","Task-uri"
modules.templates,"Templates","Modèles","खाके","Sabloane"
monthlyFee,"Monthly fee","Frais mensuels","मासिक शुल्क","Plata lunara"
months.April,"April","Avril","अप्रैल","Aprilie"
months.August,"August","Août","अगस्त","August"
months.December,"December","Décembre","दिसम्बर","Decembrie"
months.February,"February","Février","फरवरी","Februarie"
months.January,"January","Janvier","जनवरी","Ianuarie"
months.July,"July","Juillet","जुलाई","Iulie"
months.June,"June","Juin","जून","Iunie"
months.March,"March","Mars","मार्च","Martie"
months.May,"May","Mai","मई","Mai"
months.November,"November","Novembre","नवम्बर","Noiembrie"
months.October,"October","Octobre","अक्टूबर","Octombrie"
months.September,"September","Septembre","सितंबर","Septembrie"
myAccount.parqDesc,"Pre-Activity Readiness Questionnaire","Questionnaire de préparation à l'activité physique","पूर्व-क्रिया सिद्धता प्रश्नोत्तर प्रपत्र","Chestionar de pregatire pentru activitate fizica"
myAccount.title,"My Account","Mon compte","मेरा अकाउंट","Contul meu"
name,"Name","Nom","नाम","Nume"
newDocument,"New Document","Nouveau document","नया दस्तावेज़","Document nou"
noFundsWillBeTakenAtThisStage,"No funds will be taken at this stage","Aucun fonds ne sera prélevé à cette étape.","इस स्तर पर कोई फंड नहीं लिया जाएगा","Nu se vor retrage fonduri in aceasta etapa"
note,"Note","Remarque","टिप्पणी","Nota"
notes,"Notes","Remarques","टिप्पणियाँ","Notite"
noUrlsAdded,"No urls added","Aucune URL ajoutée","कोई URL जोड़ा नहीं गया","Nici un url adaugat"
offers.noData,"No offers available","Aucune offre disponible","कोई प्रस्ताव उपलब्ध नहीं हैं","Nici o oferta valabila"
ok,"Ok","OK","ठीक है","Ok"
openAt,"Open at","Ouvrir à","इस पर खुलता है","Deschis la "
orDropFilesHereToUpload,"or drop files here to upload","ou déposez les fichiers ici pour les télécharger","या यहाँ फ़ाइलें अपलोड करने के लिए छोड़ें","sau trageti fisierele aici pentru incarcare"
parQ,"PAR-Q","PAR-Q","PAR-Q","PAR-Q"
parq,"Pre-Activity Readiness Questionnaire (PAR-Q)","Questionnaire de préparation à l'activité physique (PAR-Q)","पूर्व-क्रिया सिद्धता प्रश्नपत्र (PAR-Q)","Chestionar de pregătire(PAR-Q)"
parqIConfirmedBy,"I <strong>{name}</strong>confirm by submitting the PARQ that all information is correct.","Je <strong>{name}</strong>confirme en soumettant le PARQ que toutes les informations sont correctes.","मैं <strong>{name}</strong>PARQ जमा करके पुष्टि करता हूं कि सभी जानकारी सही है।","Eu, <strong>{name}</strong>, confirm prin trimiterea PARQ-ului ca toate informatiile sunt corecte"
parqInfo,"We assume no liability for persons who undertake physical activity. Should you be in any doubt after completing this questionnaire you agree to consult your doctor prior to undertaking physical activity.","Nous n'assumons aucune responsabilité pour les personnes qui entreprennent une activité physique. Si vous avez le moindre doute après avoir rempli ce questionnaire, vous acceptez de consulter votre médecin avant de vous engager dans une activité physique.","हम उन लोगों के लिए किसी जिम्मेदारी की गंभीरता नहीं लेते हैं जो शारीरिक गतिविधि करते हैं। इस प्रश्नपत्र को पूरा करने के बाद आपको किसी भी संदेह की स्थिति में यह मान लेना चाहिए कि आपको शारीरिक गतिविधि करने से पहले अपने डॉक्टर से परामर्श करने की सहमति है।","Nu ne asumam nici o raspundere pentru persoanele care intreprind activitati fizice. Daca aveti orice indoiala dupa completarea acestui chestionar, sunteti de acord să consultati medicul inainte de a incepe activitatile fizice."
parqStatus,"Pre-Activity Readiness Questionnaire (PAR-Q) - {status}","Questionnaire de préparation à l'activité physique (PAR-Q) - {status}","पूर्व-क्रिया सिद्धता प्रश्नोत्तर प्रपत्र (PAR-Q) - {status}","Chestionar de pregatire pentru activitate fizica (PAR-Q) - {status}"
password,"Password","Mot de passe","पासवर्ड","Parola"
pasteImageUrl,"Paste image URL","Coller l'URL de l'image","चित्र URL पेस्ट करें","Inserați URL-ul imaginii"
payAmount,"Pay {amount}","Payer {amount}","{amount} भुगतान करें","Plateste {amount}"
payCash,"Pay in cash at our store","Payer en espèces dans notre magasin","हमारे दुकान पर नकद में भुगतान करें","Platiti in numerar la receptie"
payment,"Payment","Paiement","भुगतान","Plata"
paymentMethod,"Payment method","Méthode de paiement","भुगतान मेथड","Metoda de plata"
paymentMethods,"Payment methods","Méthodes de paiement","भुगतान के तरीके","Metode de plata"
paymentSummary,"Payment Summary","Résumé du paiement","भुगतान सारांश","Rezumat plati"
pdfDialogTitle,"PDF preview","Aperçu PDF","पीडीएफ पूर्वावलोकन","Previzualizare PDF"
pdfPreview,"PDF preview","Aperçu PDF","PDF पूर्वादर्शन","PDF previzualizare"
permissions,"Permissions","Autorisations","अनुमतियाँ","Autorizatie"
personalTrainer,"Personal trainer","Entraîneur personnel","व्यक्तिगत प्रशिक्षक","Antrenor Personal"
phoneNumber,"Phone Number","Numéro de téléphone","फ़ोन नंबर","Numar de telefon"
placeholder.bannerBtn,"OUR SERVICES","NOS SERVICES","हमारी सेवाएँ","SERVICILE NOASTRE"
placeholder.bannerTag,"Get Body In Shape And","Mettez votre corps en forme et","शरीर को आकर्षित बनाएं और","Pune-ti corpul in forma si"
placeholder.bannerTag1,"Stay Healthy","Restez en bonne santé","स्वस्थ रहें","Ramai sanatos"
placeholder.bannerTitle,"We raise your confidence","Nous renforçons votre confiance","हम आपके आत्मविश्वास को बढ़ाते हैं","Crestem încrederea ta."
placeholder.contactNumber,"Contact Number","Numéro de contact","संपर्क नंबर","Numar de contact"
placeholder.emailAddress,"Email Address","Adresse e-mail","ईमेल पता","Adreasa de email"
placeholder.label,"Label","Étiquette","लेबल","Eticheta"
placeholder.leaveNote,"Leave a note ...","Laisser une note...","एक नोट छोड़ें ...","Lasa o notita ..."
placeholder.leaveReply,"Leave a reply ...","Laisser une réponse...","एक उत्तर दें ...","Lasa un mesaj ..."
placeholder.name,"Name","Nom","नाम","Nume"
placeholder.noteInstructor,"Note for Instructor","Note pour l'instructeur","संदर्भकर्ता के लिए नोट","Nota pentru instructor"
placeholder.parqHealth,"Allergies/Other Special Health Considerations","Allergies/Autres considérations de santé spéciales","एलर्जी/अन्य विशेष स्वास्थ्य विचार","Alergii/Alte consideratii speciale de sanatate"
placeholder.password,"Password","Mot de passe","पासवर्ड","Parola"
placeholder.passwordConfirm,"Password Confirm","Confirmez le mot de passe","पासवर्ड की पुष्टि करें","Confirmare parola"
placeholder.planName,"i.e No Contact Membership","c.-à-d. Aucune adhésion de contact","उदा: कोई संपर्क सदस्यता नहीं","Adica, membru fara contact"
placeholder.quickSearch,"Quick search","Recherche rapide","त्वरित खोज","Cautare rapida"
placeholder.quickSearchClasses,"Quick search classes","Recherche rapide des cours","त्वरित कक्षाएँ खोजें","Cauta rapid clase"
placeholder.rag,"Rag","Chiffon","टैग","Carpa"
placeholder.search,"Search","Rechercher","खोजें","Cauta"
placeholder.searchClasses,"Search classes","Rechercher des cours","कक्षाएँ खोजें","Cauta clase"
placeholder.select,"Select","Sélectionner","चयन करें","Selectat"
placeholder.selectMember,"Select member","Sélectionner un membre","सदस्य का चयन करें","Selecteaza membru"
placeholder.selectSize,"Select a size","Sélectionnez une taille","एक आकार का चयन करें","Alege o marime"
placeholder.selectStaff,"Select staff","Sélectionnez le personnel","कर्मचारी का चयन करें","Alege Staff"
placeholder.type,"Type","Tapez","प्रकार","Tip"
placeholder.url,"URL","URL","URL","URL"
plan.change,"You are about to change plan from the <span class=""text-subtitle2"">{currentPlan}</span> to the <span class=""text-subtitle2"">{plan}</span> which will charge <span class=""text-subtitle2"">{amount}</span> {interval}","Vous êtes sur le point de changer de plan du <span class=""text-subtitle2"">{currentPlan}</span> au <span class=""text-subtitle2"">{plan}</span> qui vous facturera <span class=""text-subtitle2"">{amount}</span> {interval}.","आप <span class=""text-subtitle2"">{currentPlan}</span> से <span class=""text-subtitle2"">{plan}</span> में प्लान बदलने के लिए हैं जिसका मूल्य <span class=""text-subtitle2"">{amount}</span> {interval} होगा।","Sunteti pe cale să schimbați planul de la <span class=""text-subtitle2"">{currentPlan}</span> to the <span class=""text-subtitle2"">"
plan.create,"You are going to subscribe our <span class=""text-subtitle2"">{plan}</span> which will charge <span class=""text-subtitle2"">{amount}</span> {interval}","Vous vous apprêtez à souscrire à notre <span class=""text-subtitle2"">{plan}</span> qui vous facturera <span class=""text-subtitle2"">{amount}</span> {interval}.","आप हमारी <span class=""text-subtitle2"">{plan}</span> की सदस्यता लेने जा रहे हैं जिसका मूल्य <span class=""text-subtitle2"">{amount}</span> {interval} होगा।","Abonare la serviciul nostru <span class=""text-subtitle2"">{plan}</span> which will charge <span class=""text-subtitle2"">"
plan.features.classes,"Classes","Cours","कक्षाएँ","Clase"
plan.features.guestPass,"Guest pass","Pass invité","अतिथि पास","Invitatie Guest"
plans.featureDesc,"Gym plans may restrict the number of class bookings or guest passes to ensure fair access, requiring members to upgrade or pay additional fees if they exceed the limit.","Les plans de salle de sport peuvent limiter le nombre de réservations de cours ou de laissez-passer invités pour garantir un accès équitable, obligeant les membres à mettre à niveau ou à payer des frais supplémentaires s'ils dépassent la limite.","जिम प्लान से संबंधित कक्षा बुकिंग्स या अतिथि पास की संख्या पर प्रतिबंध लगा सकता है ताकि योग्य उपयोग सुनिश्चित हो, जिसमें सदस्यों को सीमा पार करने के लिए अपग्रेड करने या अतिरिक्त शुल्क भुगतान करने की आवश्यकता हो सकती है, यदि वे सीमा को पार करते हैं।","Planurile de sala pot restrictiona numarul de rezervari pentru cursuri sau permise pentru oaspeti pentru a asigura un acces echitabil, cerand membrilor sa faca upgrade sau sa plateasca taxe suplimentare daca depasesc limita"
plans.generalDesc,"The gym plan's general information section manages membership fees and descriptions for effective communication with potential and existing members.","La section d'informations générales du plan de salle de sport gère les frais d'adhésion et les descriptions pour une communication efficace avec les membres potentiels et existants.","जिम प्लान के सामान्य जानकारी खंड संभाल सकता है सदस्यता शुल्क और विवरण को, संभावित और मौजूदा सदस्यों के साथ प्रभावी संवाद के लिए।","Secțiunea de informații generale a planului de sala gestioneaza tarifele de membru si descrierile pentru o comunicare eficienta cu potentialii membri si membrii existenti"
plans.noData,"No plans available","Aucun plan disponible","कोई प्लान उपलब्ध नहीं है","Nici un plan disponibil."
postcodeZip,"Postcode/Zip","Code postal","पिनकोड/ज़िप","Cod postal"
prefix.camera,"Camera:","Caméra:","कैमरा:","Camera"
prefix.class,"Class:","Classe:","कक्षा:","Clasa"
prefix.date,"Date:","Date:","तिथि:","Data"
prefix.email,"Email:","Email:","ईमेल:","Email"
prefix.every,"Every","Chaque","हर","Fiecare"
prefix.expires,"Expires:","Expire:","समाप्त होता है:","Expira"
prefix.gym,"Gym:","gym:","जिम:","Gym"
prefix.instructor,"Instructor:","Instructeur:","शिक्षक:","Instructor"
prefix.phone,"Phone:","Téléphone:","फ़ोन:","Telefon"
prefix.plan,"Plan:","Plan:","योजना:","Plan"
prefix.rag,"Rag:","Chiffon:","रैग:","Carpa"
prefix.size,"Size:","Taille:","आकार:","Marime"
prefix.sort,"Sort:","Trier:","क्रमबद्ध करें:","Sorteaza"
prefix.status,"Status:","Statut:","स्थिति:","Status"
prefix.total,"Total:","Total:","टोटल:","Total"
prefix.type,"Type:","Type:","प्रकार:","Tip"
prefix.user,"User:","Utilisateur:","उपयोगकर्ता:","User"
prefix.year,"Year:","Année:","वर्ष:","An"
price,"Price","Prix","मूल्य","Pret"
prices,"{count} prices","{count} prix","{count} मूल्य (ग़िनती)","Preturi"
print,"Print","Imprimer","प्रिंट","Print"
proceed,"Proceed","Procéder","आगे बढ़ें","Continuati"
proceedPayment,"Proceed Payment","Procéder au paiement","भुगतान आगे बढ़ें","Continuati Plata"
products.generalDesc,"A great product title and description has the power to turn a casual shopper into a revenue-generating buyer.","Un excellent titre et une description de produit ont le pouvoir de transformer un simple acheteur en un acheteur générant des revenus.","एक शानदार उत्पाद शीर्षक और विवरण किसी आम खरीदार को एक राजस्व उत्पादक खरीदार में बदलने की ताकत रखता है।","Un titlu si o descriere de produs excelente au puterea de a transforma un cumparator obisnuit intr-un cumparator care genereaza venituri"
products.mediaDesc,"Product media can include images only.","Les médias de produits ne peuvent inclure que des images.","उत्पाद मीडिया में केवल छवियाँ शामिल की जा सकती हैं","Media produsului poate include doar imagini"
products.noData,"No products available","Aucun produit disponible","कोई उत्पाद उपलब्ध नहीं है","Nici un produs disponibil"
profileInfo,"Profile Info","Informations de profil","प्रोफ़ाइल जानकारी","Informatii profil"
profileInformation,"Profile Information","Informations de profil","प्रोफ़ाइल जानकारी","Profil Informatii"
profileSettings,"Profile settings","Paramètres de profil","प्रोफ़ाइल सेटिंग्स","Setari Profil"
qualification,"Qualification","Qualification","योग्यता","Calificare"
range,"Range","Plage","सीमा","Interval"
readNow,"Read now","Lire maintenant","अब पढ़ें","Citeste acum"
referrals.noData,"No referrals available","Aucune recommandation disponible","कोई संदर्भ उपलब्ध नहीं है","Nici o recomandare disponibila"
registrations.bulkPrint,"Bulk registrations print","Impression de registres en vrac","बल्क पंजीकरण प्रिंट","Printare inregistrari in bulk"
registrations.noData,"No registrations available","Aucun enregistrement disponible","कोई पंजीकरण उपलब्ध नहीं है","Nu sunt inregistrari disponibile"
releaseAt,"Release at","Publier à","इस तिथि को जारी करें","Eliberat la"
rememberMe,"Remember me?","Vous vous souvenez de moi?","मुझे याद रखें?","Tine-ma minte?"
remote,"Remote","À distance","दूरस्थ","La distanta"
remove,"Remove","Supprimer","हटाएं","Sterge"
removeMedia,"Remove media?","Supprimer les médias?","मीडिया हटाएं?","Sterge fisier"
renewalFee,"Renewal fee","Frais de renouvellement","नवीकरण शुल्क","Taxa reinoire"
rentPW,"Rent PW","Location par semaine","हफ्ते किराया","Inchiriere pe saptamana"
reply,"Reply","Répondre","जवाब दें","Raspunde"
reset,"Reset","Réinitialiser","रीसेट","Reseteaza"
resetPassword,"Reset Password.","Réinitialiser le mot de passe.","पासवर्ड रीसेट।","Reseteaza parola"
resetPasswordDesc,"Please set your new password below.","Veuillez définir votre nouveau mot de passe ci-dessous.","कृपया नीचे अपना नया पासवर्ड सेट करें।","Te rog seteaza-ti noua parola mai jos"
restore,"Restore","Restaurer","पुनर्स्थापित करें","Restore"
resumeNow,"Resume now","Reprendre maintenant","अब फिर से आरंभ करें","Reluati acum"
right,"Right","Droite","दाएं","Dreapta"
save,"Save","Enregistrer","सहेजें","Salveaza"
saveAsMember,"Save as member","Enregistrer en tant que membre","सदस्य के रूप में सहेजें","Salveaza ca membru"
scanQrCode,"Scan QR Code","Scanner le code QR","स्कैन क्यू आर कोड","Scaneaza cod QR"
security,"Security","Sécurité","सुरक्षा","Securitate"
selectClasses,"Select classes","Sélectionner des cours","कक्षाएँ चुनें","Selecteaza clasa"
selectPlan,"Select Plan","Sélectionnez le forfait","प्लान चुनें","Alege tipul de abonament"
send,"Send","Envoyer","भेजें","Trimite"
sendMessage,"Send Message","Envoyer un message","संदेश भेजें","Trimite mesaj"
shopNotice,"This is an enquiry no funds will be taken at this stage.","Ceci est une demande, aucun fonds ne seront prélevés à cette étape.","यह एक पूछताछ है, इस स्टेज पर कोई फंड नहीं लिए जाएंगे।","Acesta este o solicitare, nu se vor retrage fonduri in aceasta etapa"
signUp,"Sign up","S'inscrire","साइन अप करें","Inscrie-te"
sizes,"Sizes","Tailles","आकार","Marimi"
specialNote,"Special note","Note spéciale","विशेष नोट","Nota speciala"
staff.generalDesc,"Staff information forms provide key data on staff that can be used to keep track of who worked for the company, when, and in what positions.","Les formulaires d'informations sur le personnel fournissent des données clés sur le personnel qui peuvent être utilisées pour suivre qui a travaillé pour l'entreprise, quand, et dans quelles positions.","कर्मचारी जानकारी फॉर्म कर्मचारियों पर मुख्य डेटा प्रदान करते हैं जिसे कंपनी के लिए कौन काम किया, कब, और किस पद में काम किया गया है की निगरानी रखने के लिए प्रयुक्त किया जा सकता है।","Formularele cu informații despre personal furnizeaza date cheie despre angajati, care pot fi folosite pentru a tine evidenta cine a lucrat pentru companie, cand si în ce pozitii"
staff.noData,"No staff available","Aucun personnel disponible","कोई स्टाफ उपलब्ध नहीं","Nici un personal disponibil"
staff.permissionDesc,"Give staff access to your store by sending them an invitation. If you are working with a designer, developer, or marketer, find out how to give collaborator access to your store.","Donnez aux employés l'accès à votre magasin en leur envoyant une invitation. Si vous travaillez avec un concepteur, un développeur ou un marketeur, découvrez comment leur donner accès en tant que collaborateurs à votre magasin.","कर्मचारियों को आमंत्रित करके आपके दुकान तक पहुंच दें। यदि आप डिज़ाइनर, डेवलपर, या मार्केटर के साथ काम कर रहे हैं, तो जांचें कि उन्हें अपने दुकान के सहयोगी पहुंच कैसे देने के बारे में।","Oferiti acces personalului la magazinul dumneavoastra, trimitandu-le o invitatie. Daca lucrați cu un designer, dezvoltator sau specialist în marketing, aflati cum să oferiti acces colaboratorului la magazinul dumneavoastra"
staff.securityInfo,"Security to make your accounts unbreakable.","Sécurité pour rendre vos comptes incassables.","आपके खातों को अटूट बनाने के लिए सुरक्षा।","Securitate pentru a face conturile dumneavoastra impenetrabile"
staffAccess,"Staff Access","Accès du personnel","स्टाफ एक्सेस",
standbyBookingsOutOf,"Standby bookings ({count} out of {capacity})","Réservations en liste d'attente ({count} sur {capacity})","इंतजार बुकिंग ({count} में से {capacity})","Rezervări pe lista de așteptare  ({count} sur {capacity})"
startAt,"Start at","Commencer à","शुरू होने पर","Incepe la"
startsAt,"Starts At","Commence à","शुरू होता है","Incep la"
startScanning,"Start Scanning","Démarrer la numérisation","स्कैनिंग शुरू करें","Start Scanare"
statsAndSettings,"Stats & Settings","Statistiques et paramètres","स्टैट्स और सेटिंग्स","Statistici si setări"
stopScanning,"Stop Scanning","Arrêter la numérisation","स्कैनिंग रोकें","Stop Scanare"
subject,"Subject","Sujet","विषय","Subiect"
submit,"Submit","Soumettre","सबमिट","Trimite"
submitCart,"Submit Cart","Soumettre le panier","कार्ट सबमिट करें","Trimiteți coșul"
subscribeNow,"Subscribe now","Abonnez-vous maintenant","अब इसका सदस्य बनें","Aboneaza-te acum"
subscription,"Subscription","Abonnement","सदस्यता","Abonament"
surname,"Surname","Nom de famille","उपनाम","Nume de familie"
tagLine,"Tag line","Slogan","टैग लाइन","Slogan"
tasks.activityDesc,"With activity, you can view detailed histories and write reply for task.","Avec l'activité, vous pouvez consulter les historiques détaillés et rédiger une réponse aux tâches.","क्रियात्मकता के साथ, आप विस्तृत इतिहास देख सकते हैं और कार्य के लिए उत्तर लिख सकते हैं","Cu ajutorul functiei de activitate, puteti vizualiza istoricul detaliat și puteți scrie raspunsuri pentru sarcini"
tasks.noData,"No tasks available","Aucune tâche disponible","कोई कार्य उपलब्ध नहीं है","Nu sunt sarcini disponibile"
templates.noData,"No templates available","Aucun modèle disponible","कोई टेम्पलेट उपलब्ध नहीं है","Nici un template disponibil"
templates.schedulesDesc,"Template class schedules will be use to changed bulk week class schedules.","Les horaires de cours modèles seront utilisés pour modifier les horaires de cours en vrac par semaine.","बल्क सप्ताह कक्षा अनुसूचियों को बदलने के लिए उपयोग किए जाएंगे।","Sabloanele de programe ale claselor vor fi folosite pentru a modifica programele saptamanale ale claselor in bulk"
templates.schedulesTitle,"Template schedules","Programmes modèles","टेम्पलेट समय सारणियों","Sablon pentru programare"
thumbnail,"Thumbnail","Miniature","थंबनेल","Miniatura"
title,"Title","Titre","शीर्षक","Titlu"
titleLine1,"Title line 1","Ligne de titre 1","शीर्षक लाइन १","Titlu linia 1"
titleLine2,"Title line 2","Ligne de titre 2","शीर्षक लाइन २","Titlu linia 2"
tooltip.bulkPrint,"Bulk Print","Impression en masse","थोक प्रिंट","Printeaza in bluk"
tooltip.exportAsCsv,"Export as CSV","Exporter au format CSV","CSV के रूप में निर्यात करें","Export ca CSV"
tooltip.exportAsPdf,"Export as PDF","Exporter au format PDF","PDF के रूप में निर्यात करें","Export ca PDF"
tooltip.print,"Print","Imprimer","प्रिंट","Printeaza"
types.Active,"Active","Actif","सक्रिय","Incep la"
types.Cancelled,"Cancelled","Annulé","रद्द","Anulat"
types.Completed,"Completed","Terminé","पूरा किया गया","Completat"
types.Deactive,"Deactive","Désactivé","निष्क्रिय करें","Dezactivat"
types.Disable,"Disable","Désactiver","निष्क्रिय","Dezactivat"
types.Disabled,"Disabled","Désactivé","निष्क्रिय","Dezactivat"
types.Draft,"Draft","Brouillon","मस्यूदा","Draft"
types.Enabled,"Enabled","Activé","सक्रिय","Activare"
types.Expired,"Expired","Expiré","समाप्त","Expirat"
types.Failed,"Failed","Échoué","विफल","Esuat"
types.In progress,"In progress","En cours","प्रगति में","In desfasurare"
types.Incomplete,"Incomplete","Incomplet","अधूरा","Incomplet"
types.Ongoing,"Ongoing","En cours","चल रहा है","In curs"
types.Online,"Online","En ligne","ऑनलाइन","Online"
types.Paid,"Paid","Payé","भुगतान किया गया","Platit"
types.Partially received,"Partially received","Partiellement reçu","आंशिक प्राप्त","Primit partial"
types.Past due,"Past due","En retard","वक्त के परे","Scadent"
types.Pending,"Pending","En attente","लंबित","In asteptare"
types.Rejected,"Rejected","Rejeté","अस्वीकृत","Respins"
types.Resolved,"Resolved","Résolu","निर्धारित","Rezolvat"
types.Returned,"Returned","Retourné","लौट आया","Returnare"
types.Scheduled,"Scheduled","Planifié","निर्धारित","Programat"
types.Trialing,"Trialing","En essai","प्रायोग","In proba"
unsavedChanges,"Unsaved changes","Modifications non enregistrées","असहेजीते बदलाव","Modificari nesalvate"
update,"Update","Mettre à jour","अपडेट","Update"
updateFeatures,"Update features","Mettre à jour les fonctionnalités","फ़ीचर्स अपडेट करें","Actualizati functiile"
updatePIC,"Update PIC","Mettre à jour la photo de profil","प्रोफ़ाइल फ़ोटो अपडेट करें","Update poza"
upgradePlan,"Upgrade plan","Mettre à niveau le plan","योजना अपग्रेड करें","Upgrade Plan"
uploadAvatar,"Upload avatar","Télécharger un avatar","अवतार अपलोड करें","Adauga Avatar"
uploadDocument,"Upload document","Télécharger un document","दस्तावेज़ अपलोड करें","Incarcati document"
uploadFile,"Upload file","Télécharger un fichier","फ़ाइल अपलोड करें","Incarcati fisier"
uploadInsurance,"Upload insurance","Télécharger une assurance","इंश्योरेंस अपलोड करें","Incarcati Asigurare"
uploadMedia,"Upload media","Télécharger des médias","मीडिया अपलोड करें","Incarca fisier media"
uploadNow,"Upload now","Télécharger maintenant","अब अपलोड करें","Incarca acum"
uploadQualification,"Upload qualification","Télécharger une qualification","योग्यता अपलोड करें","Incarcati calificarea"
uploadThumbnail,"Upload thumbnail","Télécharger une miniature","थंबनेल अपलोड करें","Adauga miniatura"
urls,"Urls","URL","यूआरएल","URL"
user,"User","Utilisateur","उपयोगकर्ता","Utilizatori"
vertical,"Vertical","Vertical","लंबवत","Vertical"
weekSchedules.dialog.title,"Edit Weeks Schedules","Modifier les horaires hebdomadaires","सप्ताह समय सारणियों को संपादित करें","Editeaza sabloanele saptamanale"
weekSchedules.dialog.warning,"Please be careful when assigning templates. If you remove a week's template or reassign a template all data attached to that current week will be deleted as it will be treated as a new week. This includes bookings and registers connected to it. If you wish to make changes to class details for a particular day/week please use the ""Week Schedules"" tab.","Veuillez faire attention lors de l'attribution de modèles. Si vous supprimez un modèle de semaine ou réaffectez un modèle, toutes les données liées à cette semaine en cours seront supprimées car elles seront traitées comme une nouvelle semaine. Cela comprend les réservations et les registres qui y sont connectés. Si vous souhaitez apporter des modifications aux détails d'un cours pour un jour/semaine particulier, veuillez utiliser l'onglet ""Horaires de la semaine"".","कृपया ध्यानपूर्वक रहें जब आप टेम्पलेट का कार्यशैली को निर्धारित करते हैं। यदि आप एक सप्ताह के टेम्पलेट को हटाते हैं या फिर से निर्धारित करते हैं, तो उस सभी डेटा को हटा दिया जाएगा जो वर्तमान सप्ताह से जुड़ा होगा, क्योंकि इसे नए सप्ताह के रूप में देखा जाएगा। इसमें इसके साथ जुड़े बुकिंग और पंजीकरण भी शामिल हैं। यदि आप किसी विशेष दिन/सप्ताह के कक्षा विवरण में परिवर्तन करना चाहते हैं, तो कृपया ""सप्ताह अनुसूचियों"" टैब का उपयोग करें।","Vă rugăm să fiți atenți când atribuiți sabloane. Dacă eliminați un sablon pentru o săptămână sau reatribuiti un sablon, toate datele atasate săptamanii curente vor fi sterse, deoarece aceasta va fi tratata ca o saptamana noua. Acest lucru include rezervari si liste de prezentă conectate la ea. Dacă doriti să faceti modificări la detaliile clasei pentru o anumită zi/saptamana, va rugam să utilizati fila ""Programe Saptamanale""."
yearly,"Yearly","Annuel","वार्षिक","Anual"
yearlyFee,"Yearly fee","Frais annuels","वार्षिक शुल्क","Taxa anuala"
youTubeOrVimeoUrl,"YouTube or Vimeo URL","URL YouTube ou Vimeo","YouTube या Vimeo यूआरएल","URL YouTube sau Vimeo"
moduleActivityDesc,"With activity, you can view detailed histories and write notes for {module}.","Avec l'activité, vous pouvez consulter des historiques détaillés et rédiger des notes pour le {module}.","गतिविधि के साथ, आप विस्तृत इतिहास देख सकते हैं और {module} के लिए नोट्स लिख सकते हैं।","Cu ajutorul activităților, puteți vizualiza istoricurile detaliate și puteți scrie note pentru {module}."
hint.instructor,"Staff information forms provide key data on staff that can be used to keep track of who worked for the company, when, and in what positions.","Les formulaires d'informations sur le personnel fournissent des données clés sur le personnel qui peuvent être utilisées pour suivre qui a travaillé pour l'entreprise, quand, et dans quelles positions.","कर्मचारी जानकारी फॉर्म कर्मचारियों पर मुख्य डेटा प्रदान करते हैं जिसे कंपनी के लिए कौन काम किया, कब, और किस पद में काम किया गया है की निगरानी रखने के लिए प्रयुक्त किया जा सकता है।","Formularele cu informații despre personal furnizeaza date cheie despre angajati, care pot fi folosite pentru a tine evidenta cine a lucrat pentru companie, cand si în ce pozitii"
"Personal details","Personal details","Détails personnels","व्यक्तिगत विवरण","Detalii personale"
"Signup Form","Signup Form","Formulaire d'inscription","साइनअप फॉर्म","Formular de înscriere"
"Select a plan","Select a plan","Sélectionnez un forfait","एक योजना चुनें","Selectați un plan"
"Your plan","Your plan","Votre plan","तुम्हारी योजना","Planul tau"
placeholder.selectCountry,"Select country/origin","Sélectionner le pays/origine","देश/मूल का चयन करें","Selectați țara/originea"
label.slug,"Slug","Limace","स्लग","Slug"
label.draft,"Draft","Brouillon","ड्राफ्ट","Draft"
label.addCollection,"Add collection","Ajouter une collecte","संग्रह जोड़ें","Adaugă colecția"
label.skuStockKeepingUnit,"SKU (Stock Keeping Unit)","Référence (Unité de Gestion des Stocks)","भंडार रखने की इकाई (स्टॉक कीविंग यूनिट)","Unitate de Păstrare a Stocurilor (SKU)"
label.barcodeIsbnUpcGtinEtc,"Barcode (ISBN, UPC, GTIN, etc.)","Code-barres (ISBN, UPC, GTIN, etc.)","बारकोड (ISBN, UPC, GTIN, आदि)","Cod de Bare (ISBN, UPC, GTIN, etc.)"
label.option,"Option","Option","विकल्प","Opțiune"
label.pageTitle,"Page title","Titre de la page","पृष्ठ शीर्षक","Titlu pagină"
label.urlHandle,"URL handle","Poignée d'URL","URL हैंडल","Maner URL"
label.metaDescription,"Meta description","Méta-description","मेटा विवरण","Descriere meta"
label.metaKeywords,"Meta keywords","Mots-clés méta","मेटा कीवर्ड","Cuvinte cheie meta"
label.weight,"Weight","Poids","वजन","Greutate"
label.countryRegionOfOrigin,"Country/Region of origin","Pays/Région d'origine","मूल का देश/क्षेत्र","Țară/Regiune de origine"
label.hsHarmonizedSystemCode,"HS (Harmonized System) code","Code SH (Système Harmonisé)","HS (हारमोनाइज्ड सिस्टम) कोड","Cod HS (Sistem Armonizat)"
label.linkTo,"Link to","Lien vers","इसका लिंक","Link către"
label.openThisLinkIn,"Open this link in","Ouvrir ce lien dans","इस लिंक को खोलें","Deschide acest link în"
label.value,"Value","Valeur","मूल्य","Valoare"
label.attributeVisibilityMode,"Attribute visibility mode","Mode de visibilité de l'attribut","गुणधर्म दृश्यता मोड","Mod de vizibilitate a atributului"
label.descriptionOptional,"Description (optional)","Description (optionnelle)","विवरण (वैकल्पिक)","Descriere (opțional)"
label.collectionStatus,"Collection status","Statut de la collection","संग्रह स्थिति","Stare colecție"
label.thumbnail,"Thumbnail","Miniature","थंबनेल","Miniatură"
label.cancel,"Cancel","Annuler","रद्द करें","Anulare"
label.done,"Done","Terminé","किया गया","Gata"
label.applyToAll,"Apply to all","Appliquer à tous","सभी पर लागू करें","Aplicați la toate"
label.trackQuantity,"Track quantity","Suivre la quantité","मात्रा का पता लगाएं","Urmăriți cantitatea"
label.continueSellingWhenOutOfInventory,"Continue selling when out of inventory","Continuer la vente en cas de rupture de stock","स्टॉक खत्म होने पर बेचना जारी रखें","Continuați vânzarea când stocul este epuizat"
label.editLocations,"Edit Locations","Modifier les emplacements","स्थान संपादित करें","Editați locațiile"
label.remove,"Remove?","Supprimer ?","हटाएं?","Eliminați?"
label.selectOptionsFromAttribue,"Select options from attribue","Sélectionner des options à partir de l'attribut","विशेष गुण से विकल्प चुनें","Selectați opțiuni din atribut"
label.createCustomOption,"Create custom option","Créer une option personnalisée","कस्टम विकल्प बनाएं","Creați opțiune personalizată"
label.chargeTaxOnThisVariant,"Charge tax on this variant","Appliquer des taxes à cette variante","इस परिवर्तन पर कर लगाएं","Taxa pe această variantă"
label.save,"Save","Enregistrer","सहेजें","Salvați"
label.editSeo,"Edit SEO","Modifier le référencement (SEO)","SEO संपादित करें","Editați SEO"
label.thisIsAPhysicalProduct,"This is a physical product","Il s'agit d'un produit physique","यह एक भौतिक उत्पाद है","Acesta este un produs fizic"
label.actions,"Actions","Actions","क्रियाएँ","Acțiuni"
label.uploadthumbnail,"Upload thumbnail","Télécharger une miniature","थंबनेल अपलोड करें","Încărcați miniatura"
label.new,"New","Nouveau","नया","Nou"
label.compareAtPrice,"Compare at price","Prix de comparaison","तुलना कीमत","Prețul de comparație"
label.costPerItem,"Cost per item","Coût par article","प्रति आइटम लागत","Cost per articol"
label.descriptionOptional,"Description (optional)","Description (facultatif)","विवरण (वैकल्पिक)","Descriere (opțional)"
label.categoryStatus,"Category status","Statut de la catégorie","श्रेणी स्थिति","Starea categoriei"
label.parent,"Parent","Parent","माता-पिता","Părinte"
label.productStatus,"Product status","Statut du produit","उत्पाद स्थिति","Starea produsului"
label.vendor,"Vendor","Fournisseur","विक्रेता","Furnizor"
label.category,"Category","Catégorie","श्रेणी","Categorie"
label.tags,"Tags","Étiquettes","टैग","Etichete"
label.collections,"Collections","Collections","संग्रह","Colecții"
label.imagePreviewForThisValue,"Image preview for this value?","Aperçu de l'image pour cette valeur ?","इस मूल्य के लिए छवि पूर्वावलोकन?","Previzualizare imagine pentru această valoare?"
label.AddNewAttributeName,"Add new {attribute}","Ajouter un nouveau {attribute}","नई {attribute} जोड़ें","Adăugați un nou {attribute}"
label.isButton,"Is button?","Est-ce un bouton ?","क्या यह बटन है?","Este un buton?"
label.noAttributeAvaialble,"No attribute avaialble","Aucun attribut disponible","कोई गुणवत्ता उपलब्ध नहीं है","Niciun atribut disponibil"
label.noCategoryAvaialble,"No category avaialble","Aucune catégorie disponible","कोई श्रेणी उपलब्ध नहीं है","Nicio categorie disponibilă"
label.noProductAvaialble,"No product avaialble","Aucun produit disponible","कोई उत्पाद उपलब्ध नहीं है","Niciun produs disponibil"
label.manual,"Manual","Manuel","मैनुअल","Manual"
label.automated,"Automated","Automatisé","स्वचालित","Automatizat"
label.addAnotherCondition,"Add another condition","Ajouter une autre condition","एक और स्थिति जोड़ें","Adăugați o altă condiție"
label.browse,"Browse","Parcourir","ब्राउज़ करें","Navigare"
label.noProductAvaialble,"No product avaialble","Aucun produit disponible","कोई उत्पाद उपलब्ध नहीं है","Niciun produs disponibil"
label.noCollectionAvaialble,"No collection avaialble","Aucune collection disponible","कोई संग्रहण उपलब्ध नहीं है","Nicio colecție disponibilă"
label.noInventoryAvaialble,"No inventory avaialble","Aucun inventaire disponible","कोई इन्वेंटरी उपलब्ध नहीं है","Niciun inventar disponibil"
label.thisProductHasMultipleOptionsLikeDifferentSizesOrColors,"This product has multiple options, like different sizes or colors","Ce produit propose plusieurs options, comme différentes tailles ou couleurs.","इस उत्पाद में विभिन्न आकार या रंग जैसे कई विकल्प हैं","Acest produs are mai multe opțiuni, cum ar fi dimensiuni sau culori diferite"
label.bankToProduct,"Bank to product","Associer à un produit","उत्पाद को बैंक से जोड़ें","Bancă la produs"
label.addAttribute,"Add attribute","Ajouter un attribut","विशेषता जोड़ें","Adăugați atributul"
label.addCategory,"Add category","Ajouter un catégorie","कैटेगरी जोड़े","Adaugă categorie"
modules.categories,"Categories","Catégories","श्रेणियाँ","Categorii"
modules.singular.category,"category","catégorie","श्रेणी","categorie"
modules.plural.categories,"categories","catégories","श्रेणियाँ","categorii"
modules.collections,"Collections","Collections","संग्रह","Colecții"
modules.singular.collection,"collection","collection","संग्रह","Colectie"
modules.plural.collections,"collections","collections","संग्रह","colecții"
modules.attributes,"Attributes","Attributs","गुण","Attributes"
modules.singular.attribute,"attribute","attribut","गुण","attribute"
modules.plural.attributes,"attributes","attributs","गुण","attributes"
label.inventory,"Inventory","Inventaire","भंडार","Inventar"
label.categories,"Categories","Catégories","श्रेणियाँ","Categorii"
label.attributes,"Attributes","Les attributs","गुण","Atribute"
label.sortBy,"Sort by","Trier par","इसके अनुसार क्रमबद्ध करें","Filtrează după"
label.vendor,"Vendor","Fournisseur","विक्रेता","Furnizor"
label.taggedWith,"Tagged with","Marqué avec","साथ टैग किया गया","Etichetat cu"
label.collection,"Collection","Collection","संग्रह","Colectie"
label.bestSelling,"Best selling","Best-seller","सर्वाधिक बिकने वाला","Cele mai vândute"
label.productTitleAZ,"Product title A-Z","Titre du produit A-Z","उत्पाद शीर्षक A-Z","Titlu produs A-Z"
label.productTitleZA,"Product title Z-A","Titre du produit Z-A","उत्पाद शीर्षक Z-A","Titlu produs Z-A"
label.highestPrice,"Highest price","Prix le plus élevé","सबसे उच्च मूल्य","Preț cel mai mare"
label.lowestPrice,"Lowest price","Prix le plus bas","सबसे कम मूल्य","Preț cel mai mic"
label.newest,"Newest","Le plus récent","नवीनतम","Cel mai nou"
label.oldest,"Oldest","Le plus ancien","सबसे पुराना","Cel mai vechi"
label.filters,"Filters","Filtres","फ़िल्टर","Filtre"
label.lowestAvailable,"Lowest available","Le plus bas disponible","सबसे कम उपलब्ध","Cea mai mică disponibilitate"
label.highestAvailable,"Highest available","Le plus haut disponible","सबसे अधिक उपलब्ध","Cea mai mare disponibilitate"
label.skuAZ,"SKU A-Z","SKU A-Z","SKU A-Z","SKU A-Z"
label.skuZA,"SKU Z-A","SKU Z-A","SKU Z-A","SKU Z-A"
label.sku,"SKU","SKU","SKU","SKU"
label.whenSoldOut,"When sold out","Lorsqu'épuisé","अगर समान समाप्त हो जाए","Când este epuizat"
label.available,"Available","Disponible","उपलब्ध","Disponibil"
label.editQuantity,"Edit quantity","Modifier la quantité","मात्रा संपादित करें","Modifică cantitatea"
label.viewProducts,"View Products","Voir les produits","उत्पाद देखें","Vizualizați produsele"
menus.orders,"Orders","Orders","ऑर्डर्स","Orders"
modules.orders,"Orders","Orders","ऑर्डर्स","Orders"
modules.singular.order,"order","order","आर्डर","order"
modules.plural.orders,"orders","orders","ऑर्डर्स","orders"
label.banners,"Banners","Bannières","बैनर","Bannere"
markAsInstructor,"Mark as instructor","Marquer comme instructeur","प्रशिक्षक के रूप में चिन्हित करें","Seteaza ca instructor"
removeFromInstructor,"Remove from Instructor","Retirer de l'instructeur","अनुदेशक से हटाएँ","Scoateți din instructor"
Stripe,"Stripe","","",""
Automatic,"Automatic","","",""
Cash,"Cash","","",""
Payment,"Payment","","",""
